id,Label
22406,A
19495,A
59875,A
40297,A
50696,A
12761,A
33084,A
37570,A
23831,A
10742,A
12234,A
16677,A
67315,A
24782,A
23235,A
68084,A
14951,A
6818,A
44748,A
20345,A
32147,A
70021,A
14990,A
2600,A
22181,A
76760,A
40303,A
30921,A
62174,A
22633,A
86852,A
18834,A
83705,A
53973,A
40977,A
21492,A
11585,A
17510,A
63410,A
7585,A
33898,A
1469,A
13097,A
31803,A
5810,A
89084,A
70999,A
74668,A
34347,A
68591,A
60747,A
78,A
52704,A
6526,A
23853,A
42828,A
50436,A
40619,A
32653,A
19885,A
60192,A
88273,A
8058,A
29267,A
82945,A
84342,A
10981,A
64492,A
37745,A
8081,A
81217,A
63742,A
31291,A
80510,A
43115,A
42291,A
34666,A
15626,A
20137,A
73125,A
1007,A
81633,A
31530,A
63884,A
9813,A
16040,A
73299,A
82774,A
7420,A
74944,A
59263,A
1158,A
86461,A
45964,A
26844,A
3457,A
51903,A
14054,A
85035,A
86731,A
31833,A
38220,A
89988,A
67498,A
45695,A
56009,A
71514,A
51614,A
38927,A
29224,A
37336,A
52368,A
11282,A
52461,A
56725,A
27110,A
67900,A
5745,A
42313,A
12621,A
50507,A
12708,A
17085,A
76947,A
85837,A
60760,A
10606,A
88777,A
82028,A
35308,A
46753,A
80706,A
52310,A
39474,A
75009,A
44426,A
18863,A
21630,A
71798,A
77209,A
21542,A
8722,A
29446,A
10473,A
39690,A
26914,A
64025,A
35863,A
57576,A
56232,A
8152,A
32963,A
77055,A
38489,A
52870,A
21870,A
3588,A
52023,A
1634,A
87647,A
67142,A
60661,A
60250,A
4774,A
37633,A
24482,A
34494,A
66255,A
30177,A
74758,A
71819,A
84272,A
27876,A
30672,A
65490,A
14940,A
1688,A
67758,A
87679,A
10101,A
58499,A
44611,A
4051,A
70803,A
28476,A
46696,A
2912,A
46525,A
77787,A
62148,A
48368,A
11086,A
89785,A
30641,A
19858,A
81273,A
3400,A
40521,A
19934,A
16866,A
82020,A
63949,A
68692,A
17663,A
12539,A
79844,A
43292,A
13236,A
76447,A
76679,A
25050,A
48863,A
11456,A
84332,A
61816,A
5861,A
84992,A
61338,A
50681,A
69807,A
76735,A
41083,A
7406,A
53425,A
72425,A
66926,A
42802,A
41418,A
24734,A
38941,A
38786,A
15113,A
22956,A
35553,A
26009,A
85485,A
12298,A
44275,A
41775,A
19990,A
25669,A
38761,A
24415,A
44550,A
16795,A
25723,A
89019,A
52953,A
50013,A
67354,A
70223,A
83394,A
5285,A
72525,A
87352,A
21671,A
7478,A
13829,A
87394,A
52951,A
28880,A
23976,A
17445,A
39304,A
34185,A
32060,A
8265,A
17969,A
2445,A
67048,A
53211,A
31631,A
16012,A
43694,A
57794,A
81394,A
4977,A
41514,A
11437,A
55217,A
2261,A
47944,A
38655,A
1920,A
75110,A
7908,A
16565,A
87794,A
77482,A
40175,A
87224,A
5385,A
13191,A
36851,A
8558,A
85669,A
88040,A
9265,A
82025,A
67680,A
36470,A
74697,A
61433,A
18943,A
35453,A
20857,A
57123,A
73344,A
26299,A
83003,A
74672,A
87637,A
56564,A
1778,A
57650,A
69749,A
32767,A
13014,A
49635,A
83707,A
59957,A
65664,A
85086,A
84878,A
45184,A
48120,A
2628,A
34312,A
66491,A
85487,A
3296,A
18684,A
12231,A
63733,A
62688,A
58070,A
50956,A
89423,A
58561,A
22003,A
41903,A
81584,A
56878,A
6908,A
73719,A
88878,A
62147,A
39557,A
65737,A
1628,A
40038,A
38298,A
62491,A
50440,A
977,A
64920,A
17868,A
44070,A
43306,A
45836,A
9682,A
58485,A
51480,A
50778,A
17051,A
48689,A
75634,A
37613,A
55221,A
87319,A
76526,A
59127,A
87559,A
4776,A
69419,A
60372,A
86054,A
79555,A
14030,A
67383,A
49096,A
38406,A
87365,A
60653,A
48672,A
75225,A
85484,A
8896,A
14893,A
44353,A
61420,A
87073,A
75603,A
22292,A
65572,A
57549,A
65451,A
69806,A
50109,A
85299,A
74284,A
20913,A
24993,A
50735,A
23621,A
17327,A
48308,A
31941,A
48966,A
16876,A
19856,A
80671,A
85906,A
74621,A
56755,A
53557,A
18988,A
39206,A
51558,A
71249,A
39471,A
61560,A
24453,A
24022,A
36911,A
31754,A
83883,A
38675,A
47302,A
19662,A
7812,A
71399,A
25029,A
57474,A
24711,A
24720,A
57894,A
74641,A
53094,A
8739,A
57456,A
44631,A
29597,A
82456,A
3418,A
39480,A
10247,A
31912,A
69675,A
22456,A
76381,A
14998,A
31402,A
3834,A
19870,A
33540,A
37814,A
19867,A
78867,A
35293,A
43128,A
60014,A
47059,A
47982,A
73591,A
59393,A
46962,A
22316,A
80163,A
89660,A
49130,A
75260,A
47291,A
36712,A
8013,A
89474,A
33188,A
23274,A
84346,A
71684,A
71820,A
29040,A
84220,A
16471,A
74792,A
55075,A
4551,A
81850,A
41632,A
6511,A
62632,A
81759,A
70591,A
43348,A
17811,A
24412,A
79316,A
86079,A
24563,A
67722,A
21894,A
72133,A
9150,A
65600,A
56585,A
891,A
30092,A
28649,A
75565,A
74148,A
36099,A
59790,A
70178,A
39759,A
65262,A
36311,A
1834,A
62645,A
34545,A
31005,A
14950,A
59763,A
71794,A
43241,A
25791,A
76195,A
76392,A
28350,A
11345,A
21864,A
85268,A
62653,A
67336,A
55233,A
56818,A
51854,A
37832,A
80837,A
61947,A
72474,A
81038,A
56321,A
32872,A
33078,A
25286,A
47587,A
13730,A
9456,A
73035,A
67186,A
443,A
59081,A
25700,A
49655,A
3059,A
53028,A
81997,A
41109,A
74320,A
58034,A
40050,A
79336,A
84698,A
56800,A
578,A
44027,A
66070,A
82728,A
25519,A
31585,A
62377,A
26237,A
61305,A
340,A
46549,A
84297,A
87984,A
61387,A
83856,A
25736,A
88513,A
20096,A
52155,A
81797,A
50657,A
62531,A
65692,A
74450,A
47219,A
45832,A
53767,A
64673,A
57928,A
31345,A
17345,A
17755,A
79501,A
53278,A
36547,A
11346,A
86701,A
55462,A
32658,A
65379,A
13821,A
21062,A
31000,A
89328,A
89071,A
63924,A
64008,A
76732,A
80244,A
61687,A
67187,A
3548,A
1441,A
76870,A
36678,A
68718,A
43686,A
28644,A
14761,A
63982,A
30977,A
89812,A
61596,A
83656,A
53521,A
72548,A
25126,A
4627,A
14910,A
1706,A
60553,A
81941,A
1895,A
23093,A
41550,A
54709,A
26160,A
86210,A
2645,A
29074,A
75064,A
39665,A
46650,A
74630,A
45384,A
68645,A
43669,A
17057,A
84788,A
35267,A
1341,A
45098,A
37816,A
27248,A
61857,A
23120,A
76972,A
31592,A
11332,A
73484,A
13177,A
10537,A
60788,A
7694,A
60574,A
81866,A
23577,A
51706,A
8902,A
20871,A
9097,A
56292,A
49275,A
22845,A
47818,A
74368,A
40826,A
50059,A
64659,A
26090,A
31030,A
69616,A
56119,A
74851,A
35951,A
76722,A
68381,A
5799,A
33526,A
8424,A
6684,A
3240,A
28436,A
18959,A
43181,A
52082,A
39125,A
30114,A
50667,A
13948,A
77516,A
42714,A
43025,A
27438,A
54261,A
60308,A
39383,A
57611,A
21433,A
49266,A
77697,A
45303,A
30050,A
37799,A
87775,A
8582,A
73815,A
19853,A
79763,A
87008,A
57842,A
40996,A
84930,A
77343,A
14265,A
41165,A
60350,A
40431,A
25118,A
77674,A
41899,A
46999,A
16639,A
45401,A
79873,A
4287,A
4686,A
78483,A
81240,A
18299,A
47251,A
37255,A
73805,A
19188,A
3469,A
60301,A
62969,A
1107,A
23835,A
7192,A
50003,A
28840,A
70176,A
45929,A
85631,A
77738,A
5197,A
47174,A
87318,A
46332,A
48671,A
17674,A
32817,A
75514,A
34428,A
70148,A
36917,A
6782,A
15230,A
35563,A
40408,A
55632,A
4040,A
83665,A
53905,A
79085,A
7620,A
64287,A
36027,A
9806,A
23890,A
38549,A
69005,A
83786,A
41593,A
64746,A
63594,A
70526,A
86656,A
18602,A
68603,A
80747,A
22016,A
67437,A
62417,A
27019,A
18900,A
82676,A
89981,A
22028,A
1944,A
16244,A
13468,A
81408,A
81918,A
27779,A
66693,A
5426,A
48576,A
30257,A
14199,A
89768,A
68185,A
41773,A
740,A
75018,A
63047,A
65048,A
16128,A
22403,A
79109,A
51632,A
16430,A
87429,A
46398,A
29175,A
34456,A
69756,A
60109,A
17767,A
55758,A
29451,A
8729,A
3264,A
38256,A
68716,A
11036,A
24977,A
27651,A
61261,A
36870,A
84576,A
55520,A
57916,A
16650,A
47986,A
48382,A
44126,A
11263,A
89163,A
51898,A
47195,A
77,A
50097,A
24933,A
42519,A
33414,A
952,A
47099,A
48624,A
43143,A
67331,A
48996,A
15837,A
32446,A
7744,A
40765,A
20313,A
47188,A
703,A
48397,A
56409,A
48639,A
84340,A
36777,A
76319,A
35304,A
63705,A
16534,A
9318,A
31880,A
49464,A
14939,A
17317,A
1130,A
29391,A
12661,A
78048,A
44022,A
18335,A
49359,A
72532,A
40406,A
69589,A
86928,A
63471,A
52784,A
42559,A
44175,A
50736,A
3098,A
86407,A
34134,A
55076,A
74623,A
54343,A
28636,A
56391,A
7061,A
82147,A
35031,A
87640,A
81065,A
18839,A
39150,A
58405,A
80546,A
68605,A
89048,A
60424,A
60423,A
37975,A
70927,A
11107,A
24928,A
8098,A
22065,A
30150,A
81118,A
61501,A
72410,A
55836,A
35448,A
64124,A
63171,A
2504,A
162,A
40795,A
62303,A
38021,A
85804,A
82440,A
12902,A
23415,A
75563,A
28410,A
35678,A
23395,A
70859,A
71031,A
3608,A
40102,A
49616,A
73352,A
518,A
73691,A
49214,A
26856,A
26444,A
71893,A
75956,A
56526,A
13354,A
70003,A
81340,A
15833,A
31709,A
63868,A
58542,A
37236,A
55105,A
12502,A
7038,A
62197,A
88872,A
89650,A
27740,A
68622,A
7016,A
34642,A
18750,A
74354,A
4158,A
65114,A
3901,A
78649,A
7428,A
5575,A
40270,A
13728,A
84769,A
28786,A
29348,A
82591,A
48823,A
13635,A
23747,A
82458,A
87828,A
27888,A
23050,A
6055,A
22999,A
72296,A
17681,A
25199,A
10330,A
1768,A
75217,A
73783,A
48012,A
73925,A
5943,A
50616,A
20362,A
42646,A
81148,A
89890,A
23852,A
44718,A
15511,A
7848,A
58651,A
42898,A
64543,A
64605,A
76826,A
64907,A
38653,A
46774,A
36610,A
74801,A
89725,A
10811,A
9190,A
43361,A
78998,A
337,A
46190,A
13911,A
42174,A
55674,A
26512,A
32300,A
14744,A
6955,A
70331,A
63186,A
85559,A
19729,A
50206,A
3736,A
50020,A
77926,A
29642,A
19099,A
44862,A
52192,A
1073,A
45341,A
28052,A
15674,A
24009,A
1683,A
59710,A
51629,A
20782,A
9186,A
8204,A
74896,A
66984,A
15904,A
71336,A
80025,A
3444,A
70250,A
37036,A
43022,A
34021,A
82364,A
33732,A
89320,A
79077,A
6948,A
8228,A
33000,A
8051,A
84168,A
60577,A
15784,A
71005,A
45054,A
29782,A
9315,A
44377,A
62053,A
9302,A
81786,A
43928,A
33374,A
9945,A
80568,A
6178,A
6388,A
87053,A
12908,A
3941,A
12620,A
82539,A
37665,A
13789,A
65434,A
42873,A
30191,A
12675,A
70521,A
3001,A
83787,A
45228,A
18480,A
36942,A
38766,A
81333,A
9515,A
28987,A
34883,A
50551,A
4072,A
59151,A
22648,A
68807,A
69789,A
22605,A
16737,A
27857,A
81175,A
25267,A
26878,A
50920,A
58217,A
40623,A
39145,A
30530,A
23083,A
74741,A
89799,A
37498,A
8892,A
71873,A
71662,A
40886,A
8613,A
67713,A
30987,A
35246,A
55988,A
65080,A
18282,A
5445,A
15017,A
20032,A
61962,A
73435,A
11998,A
15236,A
81211,A
18882,A
26706,A
32437,A
12321,A
55222,A
53313,A
76939,A
75285,A
72648,A
34924,A
37751,A
28302,A
32629,A
20889,A
72063,A
50915,A
19103,A
3367,A
5821,A
2745,A
75874,A
53910,A
50932,A
77742,A
72077,A
17902,A
45305,A
73065,A
39487,A
8379,A
61916,A
36375,A
2756,A
53975,A
63485,A
20217,A
50628,A
31762,A
52679,A
41577,A
61851,A
81119,A
74090,A
37361,A
89612,A
85634,A
9460,A
43997,A
38209,A
18258,A
8381,A
30877,A
39752,A
79268,A
25160,A
73824,A
40233,A
84222,A
75421,A
20442,A
184,A
75542,A
44465,A
57003,A
6939,A
81072,A
68744,A
8101,A
63977,A
54012,A
73466,A
29582,A
4853,A
14345,A
82775,A
69725,A
87234,A
6603,A
71568,A
35215,A
23946,A
67690,A
52876,A
21800,A
57018,A
22369,A
10653,A
68004,A
83058,A
32059,A
70401,A
41502,A
57826,A
62694,A
59608,A
43327,A
74155,A
48015,A
67207,A
57166,A
73323,A
54583,A
56706,A
34087,A
42612,A
73031,A
41321,A
33593,A
60234,A
2374,A
45084,A
41590,A
54138,A
62710,A
3958,A
88636,A
71065,A
27416,A
29007,A
36940,A
87562,A
77654,A
74028,A
89816,A
62740,A
37532,A
57509,A
38132,A
18963,A
15232,A
32860,A
52744,A
82702,A
77106,A
61815,A
65407,A
7357,A
11183,A
39020,A
88802,A
20005,A
31265,A
30869,A
10760,A
28037,A
29717,A
33302,A
2068,A
34606,A
81903,A
2408,A
13968,A
79914,A
78838,A
26960,A
35754,A
29702,A
80413,A
24310,A
34,A
24872,A
9015,A
9686,A
70446,A
49713,A
33985,A
34232,A
66645,A
4756,A
77409,A
65912,A
29862,A
68863,A
32966,A
44817,A
51013,A
2037,A
18051,A
36934,A
3218,A
54594,A
38746,A
59026,A
82896,A
21940,A
16176,A
30643,A
48701,A
8856,A
17004,A
39779,A
39026,A
712,A
38813,A
68417,A
81603,A
73362,A
77756,A
77275,A
59134,A
73741,A
43915,A
44468,A
67119,A
41275,A
48082,A
62930,A
55450,A
64842,A
78944,A
55734,A
78061,A
43647,A
86762,A
14501,A
68726,A
18508,A
62712,A
13896,A
33662,A
74568,A
27176,A
61719,A
61302,A
85827,A
26710,A
54197,A
37831,A
11653,A
88015,A
81040,A
32686,A
64249,A
70075,A
46726,A
22002,A
49524,A
61040,A
780,A
39774,A
4773,A
44622,A
84577,A
30267,A
1042,A
4151,A
1360,A
20921,A
54017,A
88359,A
89409,A
84840,A
60587,A
65690,A
24116,A
64108,A
17594,A
28868,A
62914,A
86838,A
3411,A
36003,A
82094,A
13582,A
77554,A
13763,A
40210,A
69056,A
68509,A
74240,A
81130,A
5312,A
6673,A
354,A
233,A
39093,A
88612,A
76502,A
27753,A
74699,A
32307,A
72748,A
12542,A
43604,A
11748,A
28038,A
52453,A
80573,A
89173,A
3415,A
28343,A
2436,A
9977,A
25484,A
85271,A
33617,A
39338,A
6534,A
47138,A
75931,A
73382,A
58379,A
42969,A
12144,A
9134,A
26794,A
24743,A
28209,A
85644,A
12039,A
70656,A
40180,A
84190,A
14134,A
79865,A
57129,A
33076,A
70718,A
12686,A
1945,A
44032,A
25234,A
37081,A
24903,A
8816,A
67309,A
41254,A
37482,A
84331,A
62215,A
43270,A
795,A
34458,A
18679,A
73757,A
26077,A
31570,A
86925,A
58309,A
36887,A
7067,A
5869,A
87687,A
27314,A
87835,A
78280,A
30134,A
17405,A
18130,A
33316,A
13169,A
14760,A
69422,A
75063,A
52166,A
63777,A
8171,A
61492,A
14370,A
70990,A
85707,A
18219,A
40596,A
9167,A
63367,A
51524,A
5968,A
88085,A
53255,A
32006,A
74747,A
18888,A
73211,A
45826,A
24283,A
18155,A
37743,A
43053,A
18708,A
68236,A
50192,A
83467,A
64389,A
89857,A
37969,A
74549,A
4585,A
65351,A
79013,A
26569,A
53774,A
45590,A
35450,A
53526,A
47872,A
47957,A
14471,A
19024,A
74575,A
9157,A
9234,A
25970,A
11659,A
38906,A
66673,A
50233,A
7495,A
76656,A
55312,A
53350,A
61807,A
5565,A
38902,A
85533,A
74561,A
62751,A
38668,A
7535,A
31656,A
54865,A
50315,A
61943,A
60657,A
38967,A
75014,A
88377,A
85360,A
54796,A
44831,A
50339,A
83278,A
4380,A
66798,A
42060,A
2712,A
21238,A
56989,A
86787,A
18686,A
6157,A
31486,A
59144,A
24097,A
63570,A
65448,A
2070,A
28799,A
46933,A
65303,A
56323,A
71175,A
11267,A
50251,A
15034,A
16173,A
17250,A
81523,A
5050,A
12001,A
9069,A
88694,A
2961,A
36690,A
65691,A
4572,A
3672,A
62809,A
1092,A
32419,A
61368,A
36277,A
76658,A
59196,A
88425,A
12046,A
56143,A
43441,A
23304,A
44023,A
6287,A
41755,A
60404,A
27983,A
338,A
32373,A
60656,A
61076,A
48045,A
16556,A
76990,A
56826,A
47460,A
79394,A
26732,A
79528,A
28151,A
20413,A
8842,A
44909,A
75305,A
45035,A
19100,A
52916,A
68722,A
2699,A
41391,A
3243,A
33721,A
2770,A
39715,A
77017,A
61372,A
21067,A
74771,A
72592,A
74297,A
39344,A
88796,A
37093,A
82325,A
47820,A
27784,A
20367,A
5365,A
86199,A
62078,A
20554,A
78244,A
74814,A
15962,A
61764,A
69850,A
71448,A
13811,A
77524,A
870,A
64211,A
50930,A
25612,A
67168,A
55920,A
86180,A
35476,A
7442,A
44833,A
66529,A
25943,A
88848,A
11518,A
45786,A
43911,A
10054,A
8347,A
34829,A
2280,A
38616,A
22121,A
38790,A
12274,A
28356,A
48199,A
77909,A
42171,A
30229,A
71571,A
23272,A
54321,A
21734,A
47985,A
2201,A
88009,A
15700,A
38205,A
84631,A
52090,A
3730,A
72668,A
37305,A
63517,A
53147,A
10608,A
42088,A
49189,A
89613,A
46000,A
67026,A
33466,A
85090,A
39614,A
57769,A
52618,A
37595,A
61051,A
65588,A
41844,A
85043,A
17586,A
13256,A
69073,A
82904,A
16786,A
23893,A
34982,A
73437,A
11010,A
72998,A
88902,A
74457,A
39027,A
12228,A
76359,A
31244,A
26666,A
66015,A
86922,A
47681,A
3921,A
31482,A
51130,A
67794,A
60626,A
40309,A
75568,A
81549,A
12872,A
89568,A
38020,A
22572,A
40533,A
53251,A
27517,A
55241,A
43156,A
38937,A
9203,A
49072,A
23776,A
43607,A
74868,A
3647,A
4220,A
40573,A
5864,A
84518,A
3696,A
39371,A
26863,A
85679,A
33923,A
40653,A
52332,A
55545,A
52370,A
66026,A
85080,A
11747,A
79456,A
45882,A
78255,A
9408,A
65722,A
47574,A
62423,A
47503,A
47634,A
88336,A
74261,A
18752,A
37398,A
37754,A
9913,A
49714,A
36561,A
69837,A
57329,A
60011,A
75306,A
20987,A
8835,A
87355,A
11046,A
52484,A
82695,A
56370,A
32422,A
29060,A
65321,A
71320,A
35386,A
46316,A
8230,A
23495,A
74228,A
23972,A
52372,A
6057,A
6213,A
27183,A
56113,A
50626,A
6594,A
41643,A
68450,A
48763,A
81439,A
75309,A
4476,A
30084,A
35787,A
89063,A
38300,A
85233,A
59214,A
18175,A
48477,A
16070,A
76897,A
54629,A
47368,A
16445,A
62989,A
55409,A
36305,A
65455,A
25588,A
53723,A
81515,A
62894,A
71389,A
73885,A
36672,A
18273,A
38819,A
55933,A
40527,A
73092,A
63669,A
23512,A
42550,A
35240,A
19482,A
72620,A
9348,A
4132,A
58227,A
1491,A
3596,A
58229,A
57588,A
29199,A
6766,A
20270,A
66589,A
21284,A
6658,A
74274,A
491,A
24963,A
73618,A
13546,A
12025,A
61524,A
12052,A
37895,A
21,A
47420,A
11816,A
58130,A
7434,A
25074,A
27112,A
9325,A
66005,A
82268,A
51792,A
9021,A
36092,A
41698,A
39839,A
60906,A
17715,A
33172,A
73063,A
74342,A
71831,A
57907,A
44211,A
84118,A
71689,A
23732,A
68152,A
13494,A
61759,A
49081,A
8838,A
34869,A
58331,A
67032,A
54386,A
73283,A
81374,A
13167,A
75111,A
52873,A
33736,A
66180,A
15483,A
62217,A
68082,A
15694,A
61405,A
15437,A
82082,A
26087,A
84344,A
42691,A
35126,A
13599,A
16994,A
23391,A
47553,A
11834,A
38696,A
13066,A
68527,A
87533,A
54593,A
4337,A
68730,A
22658,A
23322,A
5620,A
79203,A
12828,A
57887,A
58434,A
58380,A
85089,A
27642,A
8416,A
72260,A
76758,A
50621,A
40212,A
89618,A
32274,A
9611,A
29761,A
18324,A
25339,A
40864,A
43026,A
74925,A
49557,A
24535,A
61036,A
23817,A
73388,A
59733,A
43768,A
29318,A
47437,A
23417,A
14124,A
32235,A
26319,A
26161,A
40057,A
48389,A
22136,A
26384,A
43666,A
41348,A
63441,A
70220,A
24469,A
63957,A
75543,A
67663,A
80433,A
81427,A
77091,A
61737,A
60963,A
13850,A
48407,A
84126,A
43507,A
78694,A
50549,A
30459,A
80450,A
22667,A
7891,A
28733,A
26362,A
83592,A
63416,A
1221,A
13168,A
37561,A
72790,A
23087,A
69663,A
60871,A
46771,A
47351,A
13750,A
5091,A
23378,A
45180,A
36028,A
40051,A
41224,A
43984,A
54858,A
88669,A
10640,A
19179,A
88310,A
88217,A
63141,A
50380,A
36182,A
84178,A
25462,A
29133,A
48040,A
81923,A
38914,A
8318,A
83591,A
64523,A
13368,A
42358,A
73254,A
12830,A
80066,A
71193,A
34157,A
82226,A
28767,A
78224,A
50534,A
82825,A
36677,A
32268,A
37117,A
44638,A
11909,A
37426,A
67632,A
3902,A
37658,A
87807,A
33944,A
9567,A
15285,A
74732,A
451,A
13221,A
56610,A
46012,A
65531,A
19085,A
10828,A
44946,A
68030,A
54953,A
22225,A
82881,A
5771,A
82521,A
88352,A
56739,A
86085,A
30517,A
31286,A
69155,A
70474,A
66328,A
29676,A
79014,A
48211,A
23861,A
20039,A
68500,A
25621,A
40450,A
72069,A
22233,A
39916,A
46290,A
51460,A
74878,A
19808,A
89292,A
35119,A
43471,A
84598,A
18649,A
56634,A
70557,A
46906,A
54251,A
4806,A
2413,A
29316,A
65349,A
42497,A
86703,A
79412,A
75198,A
70900,A
43000,A
37737,A
63026,A
25532,A
84885,A
23352,A
13049,A
34676,A
27232,A
32208,A
22945,A
27229,A
29543,A
22224,A
25802,A
77406,A
14496,A
688,A
13990,A
13885,A
82211,A
30315,A
71643,A
74558,A
51150,A
67133,A
71436,A
56022,A
36087,A
54755,A
60655,A
57533,A
10449,A
2219,A
82272,A
24075,A
78558,A
6987,A
59844,A
42591,A
23076,A
69089,A
2617,A
45331,A
54870,A
56731,A
35007,A
47633,A
69711,A
185,A
26106,A
12818,A
37912,A
9857,A
369,A
61999,A
37060,A
74031,A
41956,A
52414,A
82953,A
84092,A
83960,A
77698,A
70910,A
19164,A
21249,A
14024,A
13936,A
78187,A
39117,A
24390,A
32856,A
89724,A
11389,A
38063,A
75041,A
49619,A
55881,A
13355,A
79748,A
61934,A
28394,A
86987,A
16588,A
85588,A
73338,A
30771,A
8281,A
10676,A
33497,A
37930,A
64865,A
66829,A
36211,A
5248,A
10234,A
61956,A
52828,A
3439,A
9300,A
11576,A
65104,A
42844,A
47785,A
79802,A
42298,A
2181,A
23789,A
79784,A
37107,A
56269,A
31997,A
71664,A
39773,A
64063,A
77004,A
68042,A
69930,A
58459,A
21867,A
25159,A
55613,A
58114,A
89896,A
49475,A
70023,A
68279,A
6644,A
81830,A
22380,A
23065,A
71723,A
37111,A
16746,A
645,A
28883,A
23459,A
45509,A
57710,A
76411,A
39275,A
42871,A
65352,A
29970,A
1610,A
33858,A
1646,A
53523,A
46447,A
5102,A
77155,A
14814,A
39934,A
70754,A
23557,A
82471,A
81054,A
10373,A
42639,A
25466,A
65835,A
74263,A
2926,A
20602,A
77163,A
2203,A
14834,A
48786,A
34384,A
23209,A
86870,A
666,A
37834,A
23367,A
40830,A
26230,A
71770,A
66455,A
299,A
86878,A
15602,A
4954,A
78790,A
32921,A
83389,A
42331,A
44091,A
53474,A
2488,A
41760,A
55873,A
42728,A
79302,A
65181,A
42209,A
9298,A
6687,A
42864,A
41911,A
7645,A
64071,A
10519,A
32585,A
14899,A
63394,A
36772,A
88286,A
47507,A
12546,A
61817,A
66535,A
53720,A
60631,A
52892,A
27130,A
56920,A
55277,A
16321,A
2105,A
29524,A
34097,A
48294,A
1524,A
19151,A
73686,A
21355,A
57992,A
79839,A
24904,A
54387,A
53950,A
1136,A
8876,A
20418,A
14931,A
62194,A
34861,A
65078,A
84809,A
47508,A
10705,A
40288,A
30348,A
48213,A
10668,A
76638,A
50185,A
2561,A
15095,A
73620,A
2147,A
44230,A
27774,A
81799,A
10102,A
89557,A
63320,A
35558,A
87723,A
63015,A
88643,A
43596,A
30393,A
40294,A
53395,A
12746,A
88251,A
71143,A
858,A
52323,A
85945,A
69595,A
29740,A
38195,A
88104,A
88270,A
25752,A
8655,A
82891,A
15093,A
42529,A
23355,A
35878,A
83395,A
38240,A
19570,A
25039,A
51554,A
57429,A
39544,A
67592,A
26127,A
76614,A
59185,A
1738,A
7912,A
69740,A
78638,A
39234,A
86492,A
87421,A
68628,A
65559,A
9508,A
66023,A
35908,A
83429,A
12375,A
40608,A
69222,A
36353,A
19622,A
63474,A
79002,A
30338,A
89065,A
30552,A
58510,A
73624,A
24463,A
82019,A
49147,A
68357,A
74405,A
16319,A
59903,A
30486,A
57317,A
68915,A
7,A
2367,A
57589,A
57092,A
79834,A
49939,A
18373,A
14087,A
86900,A
77579,A
21370,A
61575,A
47748,A
2289,A
58554,A
58697,A
40081,A
51047,A
86698,A
73851,A
81461,A
29290,A
78094,A
1769,A
78554,A
25254,A
23597,A
55293,A
14961,A
51351,A
40873,A
61147,A
48324,A
71830,A
38850,A
69204,A
42202,A
88632,A
63025,A
82845,A
43649,A
3551,A
50706,A
63992,A
24394,A
42719,A
22126,A
58357,A
25575,A
32812,A
89671,A
78980,A
20877,A
78032,A
71976,A
60733,A
47372,A
55249,A
21496,A
74073,A
51020,A
33446,A
74985,A
73690,A
77310,A
69257,A
89786,A
16162,A
54570,A
34027,A
32469,A
10439,A
35311,A
4177,A
36884,A
74272,A
68470,A
6796,A
39982,A
40782,A
29859,A
45784,A
23192,A
31032,A
54183,A
59889,A
33054,A
77703,A
86939,A
41032,A
42294,A
70460,A
76057,A
9949,A
64223,A
3685,A
69528,A
23339,A
12341,A
32193,A
70938,A
41949,A
6097,A
44861,A
8616,A
56741,A
23003,A
21268,A
66134,A
25534,A
1430,A
75718,A
25766,A
35605,A
61337,A
39510,A
66474,A
29794,A
10187,A
35154,A
1755,A
63399,A
60411,A
49076,A
40242,A
4240,A
38284,A
57119,A
57747,A
89153,A
39019,A
71169,A
15739,A
54470,A
50002,A
21826,A
60627,A
42196,A
174,A
39410,A
3228,A
33934,A
75221,A
14225,A
57623,A
59259,A
80972,A
33296,A
35622,A
5583,A
23809,A
15987,A
9043,A
61803,A
14152,A
36666,A
62506,A
82027,A
52235,A
41130,A
18251,A
86005,A
20480,A
22237,A
47037,A
49009,A
73160,A
72884,A
10116,A
83964,A
63014,A
38003,A
25885,A
76389,A
12704,A
73876,A
89847,A
63729,A
15224,A
13426,A
67221,A
31597,A
19935,A
8441,A
59200,A
80056,A
40445,A
3978,A
61025,A
41554,A
75516,A
88399,A
85259,A
20731,A
74080,A
8802,A
767,A
10737,A
663,A
62949,A
63259,A
46588,A
41867,A
54281,A
839,A
71595,A
17021,A
18928,A
79903,A
1304,A
43462,A
32421,A
57219,A
40869,A
80693,A
75830,A
13812,A
50215,A
69586,A
35842,A
39216,A
24318,A
7205,A
71185,A
46976,A
86806,A
39105,A
41250,A
78338,A
17744,A
34174,A
14441,A
72266,A
16647,A
22880,A
53803,A
30568,A
73256,A
36736,A
40003,A
70792,A
79600,A
11735,A
39319,A
83447,A
86177,A
58768,A
83310,A
77302,A
23051,A
42368,A
17071,A
78080,A
46863,A
74749,A
2558,A
49578,A
59894,A
44097,A
10896,A
3181,A
65380,A
35772,A
14743,A
17044,A
46985,A
62101,A
89866,A
48848,A
2213,A
84091,A
13554,A
39585,A
83051,A
37225,A
32581,A
76220,A
78105,A
13706,A
60315,A
76280,A
65140,A
42848,A
16145,A
37092,A
7845,A
63326,A
62225,A
32214,A
75390,A
1724,A
77095,A
77574,A
64117,A
55766,A
87212,A
73562,A
21531,A
83053,A
54764,A
657,A
63374,A
37845,A
55282,A
21549,A
15428,A
84666,A
68755,A
10593,A
54031,A
16229,A
1678,A
23945,A
19460,A
24081,A
35525,A
10687,A
19198,A
14473,A
88002,A
46221,A
16999,A
54553,A
12253,A
67058,A
41179,A
26101,A
71119,A
11494,A
79993,A
53473,A
1211,A
78273,A
9263,A
24773,A
6324,A
87793,A
49812,A
4423,A
40287,A
20381,A
79434,A
16341,A
51151,A
84913,A
60360,A
31688,A
31142,A
21305,A
6922,A
63438,A
8286,A
58911,A
66116,A
15743,A
48853,A
16017,A
76436,A
181,A
51315,A
31503,A
31883,A
48248,A
27718,A
38768,A
36968,A
25727,A
25423,A
14393,A
59945,A
85486,A
52669,A
19855,A
26772,A
12615,A
22374,A
7589,A
79352,A
30417,A
39091,A
62826,A
22009,A
71987,A
15737,A
57663,A
73955,A
62439,A
39078,A
80065,A
65236,A
36352,A
70179,A
45051,A
37558,A
68940,A
22546,A
68307,A
7868,A
6389,A
67375,A
84632,A
23401,A
28081,A
79050,A
10223,A
36983,A
57558,A
31083,A
69132,A
34317,A
23173,A
69501,A
81636,A
26342,A
74955,A
21645,A
23752,A
7387,A
7810,A
26397,A
87513,A
78111,A
12246,A
78963,A
65629,A
21293,A
17080,A
32598,A
74356,A
24091,A
66279,A
46581,A
758,A
9885,A
64847,A
73739,A
39980,A
39017,A
10094,A
70259,A
31094,A
57951,A
27685,A
70062,A
49674,A
22123,A
18706,A
87369,A
69747,A
58570,A
39127,A
70973,A
51827,A
85178,A
51174,A
84103,A
10724,A
82565,A
67742,A
74710,A
660,A
28960,A
19696,A
24879,A
68923,A
31875,A
65144,A
13023,A
59525,A
28731,A
4111,A
56425,A
81257,A
23387,A
53127,A
82678,A
28587,A
56950,A
64202,A
25041,A
63103,A
45607,A
45179,A
3705,A
70906,A
50908,A
40189,A
27829,A
53885,A
70515,A
26487,A
23681,A
12267,A
21288,A
77719,A
29282,A
4008,A
28472,A
51757,A
87255,A
52570,A
45981,A
22462,A
4502,A
8267,A
39707,A
43898,A
20461,A
64390,A
36982,A
43116,A
2643,A
22288,A
73711,A
7950,A
12492,A
80037,A
2386,A
52027,A
2125,A
25490,A
57609,A
66533,A
52501,A
80839,A
29363,A
80316,A
8854,A
41385,A
59107,A
30924,A
2634,A
57561,A
48961,A
56333,A
71213,A
29236,A
49723,A
51494,A
7323,A
6489,A
48133,A
35906,A
10111,A
51836,A
78596,A
27398,A
42897,A
44390,A
86211,A
37797,A
59625,A
39329,A
84124,A
23473,A
23380,A
44500,A
51755,A
88227,A
17892,A
5423,A
21875,A
43807,A
54776,A
79718,A
29941,A
23865,A
72974,A
20077,A
37372,A
13059,A
54606,A
57581,A
65000,A
1417,A
76982,A
47269,A
74819,A
19992,A
14616,A
12191,A
70310,A
50416,A
9512,A
78515,A
74061,A
88949,A
18818,A
25012,A
34773,A
44635,A
41003,A
23699,A
77653,A
63062,A
9881,A
20316,A
28403,A
88248,A
72736,A
4876,A
20203,A
35214,A
51041,A
11376,A
86077,A
28273,A
81497,A
51238,A
1144,A
9402,A
1614,A
44753,A
19874,A
4160,A
59762,A
1763,A
9386,A
31691,A
47352,A
53477,A
30570,A
51543,A
23753,A
83126,A
70713,A
43612,A
34808,A
1854,A
2882,A
54727,A
40209,A
30911,A
65578,A
39994,A
4190,A
86677,A
37452,A
23140,A
34996,A
80802,A
37136,A
67460,A
807,A
52558,A
62750,A
13194,A
35955,A
17955,A
54917,A
23959,A
3971,A
40103,A
40541,A
65046,A
71437,A
55650,A
85448,A
9290,A
69013,A
27499,A
9103,A
83732,A
21658,A
11178,A
7894,A
39113,A
65384,A
1390,A
12556,A
42161,A
25931,A
8470,A
60148,A
79962,A
37671,A
80532,A
45985,A
43656,A
36452,A
10128,A
75403,A
57246,A
63869,A
64266,A
6484,A
25694,A
16429,A
81670,A
4313,A
15540,A
37612,A
65773,A
18951,A
67576,A
28529,A
24042,A
89803,A
81525,A
87964,A
40981,A
40160,A
89885,A
78837,A
48901,A
89444,A
33125,A
82729,A
75128,A
24609,A
60419,A
68061,A
19231,A
9827,A
49201,A
50567,A
71401,A
29584,A
48803,A
19340,A
42935,A
773,A
59029,A
53680,A
61133,A
64916,A
2057,A
11947,A
21562,A
60692,A
60637,A
42745,A
12084,A
51588,A
30361,A
15599,A
74313,A
54795,A
58465,A
30253,A
4275,A
83918,A
34340,A
50566,A
35401,A
88139,A
64763,A
30396,A
48818,A
53387,A
75841,A
33883,A
64221,A
36195,A
31961,A
48749,A
87305,A
24515,A
60551,A
83618,A
64263,A
58962,A
1855,A
71956,A
15039,A
62582,A
52895,A
8350,A
12601,A
24113,A
46972,A
58731,A
38445,A
60282,A
72834,A
65176,A
88275,A
29188,A
65269,A
10476,A
47052,A
70048,A
4573,A
76539,A
52521,A
54354,A
78002,A
4523,A
53856,A
58198,A
15061,A
45589,A
34648,A
9239,A
52074,A
5650,A
14646,A
11445,A
981,A
20126,A
72840,A
40881,A
66449,A
30491,A
21310,A
11373,A
28142,A
53099,A
29104,A
14960,A
73527,A
68383,A
17202,A
2365,A
84349,A
88189,A
8390,A
17970,A
39719,A
37653,A
23213,A
29384,A
22286,A
1812,A
13594,A
57349,A
52358,A
12337,A
83117,A
63649,A
58539,A
49342,A
73508,A
36124,A
82000,A
26147,A
9645,A
19199,A
75010,A
56518,A
86433,A
22517,A
83743,A
85443,A
79780,A
2046,A
33900,A
931,A
86967,A
16075,A
68839,A
62025,A
816,A
20392,A
80704,A
26373,A
63361,A
5894,A
81790,A
47558,A
36727,A
44965,A
56490,A
1991,A
28925,A
9439,A
37847,A
42787,A
11852,A
83266,A
79447,A
38431,A
83381,A
73051,A
80958,A
50364,A
37503,A
86508,A
78204,A
72905,A
12884,A
36273,A
33920,A
56101,A
228,A
72349,A
9087,A
42330,A
84505,A
83612,A
71114,A
17296,A
49388,A
34443,A
4346,A
72879,A
40495,A
12449,A
34977,A
52804,A
34064,A
10137,A
4754,A
16064,A
33527,A
7876,A
28758,A
45114,A
76920,A
45155,A
28134,A
63277,A
9848,A
41007,A
88288,A
54799,A
1418,A
58934,A
21973,A
68577,A
76791,A
11563,A
85291,A
50168,A
75939,A
79504,A
13020,A
70187,A
79281,A
53668,A
31439,A
18462,A
19557,A
60010,A
9895,A
49196,A
24824,A
984,A
26599,A
83685,A
261,A
34452,A
42447,A
60260,A
32617,A
66181,A
73504,A
59037,A
22580,A
85407,A
33637,A
66638,A
17175,A
36469,A
61191,A
43380,A
58147,A
59829,A
161,A
27328,A
19084,A
44365,A
53461,A
6152,A
46663,A
32286,A
14697,A
89565,A
42271,A
28312,A
28988,A
4065,A
4896,A
70501,A
28473,A
21813,A
32045,A
65211,A
53310,A
43648,A
43483,A
43554,A
22716,A
35363,A
18862,A
78093,A
42203,A
58149,A
89979,A
28547,A
3364,A
26943,A
63463,A
8642,A
86096,A
10179,A
968,A
10250,A
17356,A
4322,A
18003,A
65536,A
46714,A
18593,A
32317,A
65951,A
23245,A
2007,A
22943,A
7161,A
47779,A
49317,A
83302,A
9572,A
63088,A
35598,A
13284,A
35832,A
14583,A
43754,A
72086,A
23655,A
89022,A
38993,A
19014,A
51476,A
67706,A
81252,A
32251,A
49387,A
74308,A
76839,A
77540,A
28310,A
81250,A
2466,A
27482,A
87786,A
60612,A
49651,A
60262,A
86671,A
51826,A
13731,A
69790,A
45325,A
68761,A
33926,A
33292,A
41794,A
70544,A
83145,A
70340,A
63091,A
81345,A
68908,A
21146,A
14695,A
62723,A
49450,A
36980,A
64155,A
38870,A
13548,A
49508,A
17130,A
50638,A
22039,A
49455,A
42332,A
62106,A
48572,A
13970,A
73131,A
67666,A
62028,A
58953,A
35159,A
48344,A
75106,A
56735,A
75342,A
81852,A
14098,A
27763,A
2402,A
15595,A
82146,A
13000,A
65788,A
63148,A
8427,A
57369,A
34255,A
52076,A
39862,A
76051,A
22779,A
58850,A
30800,A
33520,A
72504,A
44243,A
3822,A
48675,A
47577,A
11561,A
80172,A
79703,A
69551,A
65315,A
57764,A
81044,A
88690,A
79362,A
60753,A
14681,A
36689,A
45245,A
53480,A
62291,A
36691,A
32769,A
32354,A
73057,A
64046,A
12180,A
85032,A
37160,A
73912,A
59941,A
74702,A
45548,A
76875,A
72980,A
50898,A
80727,A
15800,A
26421,A
63498,A
9502,A
23359,A
69175,A
50356,A
23228,A
54257,A
72023,A
6979,A
12532,A
11037,A
57214,A
17416,A
25508,A
50181,A
32973,A
39615,A
9388,A
68630,A
20250,A
24365,A
84042,A
86788,A
87906,A
54224,A
56138,A
66858,A
40702,A
61180,A
83012,A
76675,A
48893,A
45161,A
10602,A
63772,A
38963,A
23527,A
43740,A
38728,A
81309,A
39660,A
86112,A
42184,A
38037,A
4492,A
73038,A
77308,A
43869,A
2707,A
18265,A
18192,A
3993,A
67039,A
50242,A
17644,A
12776,A
41104,A
32137,A
41522,A
69457,A
40412,A
44287,A
68748,A
75954,A
403,A
73155,A
43055,A
88976,A
2014,A
38287,A
22589,A
40671,A
57352,A
78569,A
36821,A
47863,A
55376,A
56456,A
61835,A
58072,A
27710,A
20002,A
32898,A
47483,A
42468,A
14542,A
796,A
55200,A
85436,A
17432,A
43629,A
53049,A
74243,A
34140,A
31484,A
14830,A
65205,A
13406,A
53649,A
53011,A
12582,A
40046,A
51768,A
81490,A
18915,A
59810,A
6958,A
17178,A
72160,A
31159,A
54751,A
78575,A
64691,A
81657,A
88258,A
81570,A
36543,A
4378,A
68457,A
75666,A
38316,A
22937,A
12338,A
29815,A
33688,A
31542,A
30507,A
43215,A
64274,A
27818,A
37213,A
8225,A
50838,A
23901,A
35793,A
1383,A
10932,A
64972,A
20276,A
46342,A
32398,A
45399,A
62222,A
16264,A
18753,A
5506,A
62889,A
18419,A
3273,A
38140,A
87077,A
38783,A
130,A
41112,A
58530,A
46641,A
23553,A
80668,A
28837,A
27311,A
65762,A
50888,A
71793,A
25258,A
18714,A
73755,A
6593,A
82442,A
23171,A
28393,A
60944,A
46496,A
72435,A
65557,A
52954,A
78299,A
7322,A
49333,A
41566,A
3203,A
14483,A
74286,A
59670,A
41865,A
28363,A
39226,A
46086,A
910,A
39407,A
60544,A
3020,A
34823,A
55827,A
19661,A
21301,A
15934,A
2478,A
14648,A
85777,A
50769,A
12202,A
14248,A
659,A
53636,A
19380,A
41586,A
12898,A
43706,A
12016,A
1889,A
33468,A
74941,A
41731,A
46388,A
30721,A
21942,A
22809,A
67466,A
32802,A
9310,A
18547,A
81723,A
49476,A
11740,A
15570,A
35100,A
21418,A
27766,A
52285,A
2613,A
15389,A
3749,A
7215,A
80992,A
49623,A
28761,A
73518,A
10662,A
71082,A
45018,A
41143,A
30886,A
13197,A
83972,A
26311,A
61058,A
18218,A
63739,A
61095,A
79034,A
68285,A
22414,A
44882,A
59747,A
654,A
20885,A
9859,A
79519,A
66686,A
52080,A
57761,A
38737,A
13817,A
17944,A
20770,A
37072,A
28045,A
58460,A
77610,A
32913,A
19852,A
6827,A
57007,A
30513,A
35559,A
68664,A
11867,A
38309,A
47030,A
72610,A
39805,A
58497,A
72953,A
63308,A
7902,A
80496,A
26771,A
39530,A
68825,A
16715,A
38953,A
266,A
85403,A
11261,A
81517,A
6276,A
23183,A
68823,A
38001,A
54244,A
69488,A
46871,A
10496,A
49164,A
10559,A
34153,A
35876,A
56698,A
43531,A
63110,A
34931,A
56810,A
1455,A
45337,A
8603,A
1522,A
8528,A
27196,A
700,A
26618,A
8450,A
48663,A
53808,A
40355,A
62996,A
82247,A
18315,A
31300,A
20422,A
36852,A
81006,A
3870,A
24950,A
4765,A
2114,A
22541,A
6500,A
80397,A
54246,A
89472,A
75785,A
56670,A
84330,A
51988,A
48829,A
40449,A
6756,A
82557,A
75814,A
37097,A
37171,A
50230,A
16219,A
62464,A
65764,A
50678,A
48250,A
58969,A
51435,A
53509,A
67213,A
52722,A
54173,A
29275,A
35942,A
67552,A
2185,A
75008,A
86466,A
56674,A
27007,A
21952,A
61464,A
16103,A
87587,A
26562,A
46846,A
68788,A
71856,A
7499,A
49184,A
60857,A
9102,A
51473,A
86041,A
79010,A
8818,A
71106,A
54934,A
55436,A
6158,A
39038,A
22448,A
17245,A
44844,A
719,A
21641,A
75280,A
42861,A
6196,A
28390,A
68373,A
22675,A
26578,A
81084,A
2851,A
13868,A
18047,A
48174,A
39386,A
38014,A
37417,A
66643,A
18206,A
12712,A
45149,A
74733,A
51572,A
70813,A
26752,A
64462,A
79789,A
82358,A
36922,A
25181,A
66464,A
5346,A
78625,A
25698,A
17031,A
71063,A
49272,A
71020,A
27353,A
58549,A
28018,A
6356,A
20086,A
29152,A
47327,A
57954,A
49108,A
50826,A
3205,A
8248,A
87114,A
71112,A
6378,A
15596,A
79418,A
49139,A
20481,A
45017,A
76645,A
46725,A
22196,A
61672,A
15443,A
59071,A
86222,A
1595,A
88345,A
56891,A
57571,A
13745,A
14720,A
27497,A
54007,A
85946,A
56348,A
64111,A
53537,A
14285,A
2442,A
13430,A
18359,A
18560,A
8898,A
57021,A
60970,A
68174,A
83715,A
48889,A
6701,A
37023,A
37211,A
82892,A
69739,A
24129,A
80680,A
5424,A
38475,A
62104,A
88715,A
22334,A
15058,A
9146,A
46490,A
48641,A
59629,A
14985,A
69802,A
21962,A
6220,A
42690,A
35776,A
52007,A
2076,A
68743,A
29087,A
65299,A
32819,A
59925,A
6306,A
802,A
73534,A
70207,A
36979,A
76273,A
39086,A
38582,A
2412,A
13856,A
87847,A
39159,A
20944,A
66866,A
33240,A
63122,A
31165,A
35049,A
88495,A
63689,A
26432,A
73202,A
59423,A
27502,A
9217,A
71901,A
40625,A
48459,A
7504,A
17519,A
8597,A
21885,A
56176,A
78602,A
80980,A
83412,A
88514,A
36020,A
27510,A
71644,A
4411,A
42855,A
14911,A
12158,A
14219,A
2339,A
3878,A
51158,A
48165,A
14863,A
33327,A
85504,A
30192,A
24509,A
49105,A
60283,A
60606,A
69876,A
72557,A
55609,A
52581,A
17135,A
46565,A
683,A
22660,A
37249,A
57095,A
49284,A
34016,A
69728,A
46569,A
80491,A
29339,A
3449,A
54486,A
53495,A
7360,A
41218,A
83790,A
29990,A
72147,A
69492,A
19600,A
68747,A
9812,A
83242,A
77144,A
34438,A
14022,A
53226,A
36765,A
35085,A
10207,A
86614,A
33274,A
14800,A
77978,A
80405,A
44778,A
19022,A
89939,A
40119,A
66213,A
45530,A
26227,A
86602,A
52212,A
73249,A
51328,A
8444,A
50954,A
74750,A
72519,A
9791,A
48739,A
39979,A
84298,A
84852,A
6041,A
62216,A
89141,A
87541,A
9139,A
50688,A
66979,A
37350,A
84055,A
12316,A
88125,A
67940,A
61439,A
39803,A
82719,A
60244,A
78069,A
13569,A
65398,A
60542,A
45043,A
88098,A
40338,A
24137,A
30702,A
80661,A
44163,A
20639,A
53455,A
60378,A
11394,A
45713,A
44803,A
64210,A
18,A
51744,A
74717,A
26715,A
20116,A
33955,A
47531,A
25110,A
5041,A
81129,A
13721,A
46116,A
4215,A
31107,A
17518,A
4299,A
66138,A
33018,A
75042,A
74244,A
79097,A
71296,A
17050,A
77882,A
57525,A
55673,A
56647,A
86432,A
12833,A
37615,A
8992,A
72226,A
2906,A
47776,A
45743,A
20068,A
40562,A
35197,A
36356,A
74299,A
22310,A
62935,A
43312,A
20550,A
17579,A
42554,A
44731,A
40931,A
13313,A
9982,A
20624,A
2129,A
55446,A
73877,A
58265,A
81587,A
14727,A
65485,A
22787,A
58982,A
49946,A
23556,A
11987,A
19538,A
74531,A
2318,A
72024,A
86483,A
34493,A
42859,A
86221,A
20255,A
21577,A
22194,A
43254,A
15052,A
13472,A
68169,A
13414,A
56092,A
27529,A
27089,A
40032,A
74934,A
51545,A
53881,A
58074,A
88656,A
80454,A
3724,A
398,A
19059,A
6106,A
49870,A
61307,A
87829,A
82745,A
6069,A
69138,A
73228,A
50702,A
57862,A
6078,A
83110,A
60474,A
10641,A
43087,A
70951,A
78033,A
66259,A
61232,A
63244,A
71841,A
82405,A
82303,A
72424,A
80121,A
69859,A
12352,A
13504,A
10889,A
14160,A
26277,A
86580,A
11177,A
11991,A
56073,A
36320,A
88432,A
66335,A
59884,A
64187,A
83783,A
35846,A
57755,A
52483,A
8776,A
23628,A
4848,A
81149,A
79375,A
70413,A
63071,A
16039,A
9242,A
66265,A
33627,A
75906,A
20750,A
37290,A
81415,A
73188,A
69490,A
56746,A
40216,A
41288,A
40636,A
35684,A
26427,A
40282,A
16307,A
80277,A
54068,A
51997,A
9114,A
26256,A
73375,A
59970,A
62463,A
84487,A
3904,A
46716,A
19465,A
24164,A
6182,A
47440,A
50214,A
24536,A
6098,A
44076,A
3371,A
48234,A
87035,A
37467,A
31037,A
83064,A
9768,A
79924,A
55402,A
24424,A
30446,A
8131,A
55090,A
11169,A
84792,A
80370,A
38837,A
88253,A
88655,A
75953,A
18297,A
81755,A
315,A
72996,A
12619,A
42006,A
61126,A
9675,A
7719,A
42059,A
25360,A
12019,A
21971,A
69296,A
31995,A
53194,A
51171,A
79909,A
89590,A
45032,A
58941,A
5190,A
88972,A
3910,A
38789,A
12810,A
74010,A
50439,A
8194,A
66471,A
63051,A
59872,A
41872,A
69213,A
41955,A
39502,A
35565,A
12070,A
71067,A
55916,A
76418,A
33182,A
1694,A
65513,A
42062,A
64033,A
25049,A
65928,A
26082,A
6965,A
5629,A
33993,A
40308,A
82140,A
4536,A
456,A
69786,A
45109,A
2794,A
40825,A
42833,A
76255,A
79824,A
10874,A
41571,A
32011,A
18914,A
34187,A
31086,A
41284,A
49921,A
62614,A
82108,A
7596,A
70863,A
58681,A
43295,A
69297,A
78448,A
61031,A
51530,A
59579,A
40241,A
22577,A
34367,A
19106,A
87923,A
71216,A
89628,A
9333,A
60257,A
73929,A
33144,A
4070,A
32972,A
26801,A
27906,A
62758,A
54574,A
39297,A
75910,A
13807,A
38293,A
48438,A
76074,A
70424,A
73128,A
22195,A
76945,A
47215,A
42702,A
57870,A
9248,A
58260,A
22619,A
78017,A
81173,A
37995,A
35272,A
64756,A
12844,A
45108,A
26099,A
77265,A
51868,A
74704,A
34621,A
39531,A
80871,A
51556,A
79642,A
78534,A
37463,A
14903,A
6303,A
84534,A
13540,A
23616,A
16784,A
47859,A
63616,A
61642,A
45003,A
81917,A
85224,A
81739,A
17777,A
86977,A
64776,A
83700,A
47715,A
20114,A
11635,A
69903,A
36006,A
40990,A
2320,A
72103,A
72606,A
73894,A
4851,A
86223,A
15472,A
17060,A
71980,A
80038,A
57024,A
5443,A
23210,A
51934,A
2464,A
51485,A
32835,A
17810,A
71500,A
59607,A
32046,A
43702,A
20226,A
47668,A
18829,A
80318,A
29892,A
82528,A
48552,A
8435,A
22914,A
77404,A
58809,A
22643,A
15404,A
6525,A
59558,A
67478,A
53830,A
23619,A
14202,A
19948,A
25072,A
78088,A
32619,A
20034,A
86215,A
10911,A
3860,A
89494,A
56021,A
40979,A
65948,A
88190,A
87125,A
49230,A
24191,A
53196,A
88169,A
27241,A
13831,A
84636,A
9220,A
58650,A
56707,A
82700,A
29908,A
48330,A
75299,A
52509,A
89655,A
50937,A
51820,A
31254,A
81139,A
52256,A
86708,A
66636,A
37333,A
25406,A
24886,A
89165,A
65374,A
5400,A
48417,A
79529,A
82576,A
5649,A
30738,A
10166,A
87052,A
38030,A
83633,A
65564,A
9899,A
81702,A
40628,A
39829,A
20288,A
62411,A
49534,A
48292,A
40997,A
53682,A
2328,A
5428,A
19721,A
64127,A
43136,A
64031,A
87439,A
4046,A
32309,A
34247,A
40568,A
40404,A
81735,A
29789,A
11650,A
55294,A
6175,A
29195,A
7193,A
68127,A
11662,A
14216,A
84879,A
88907,A
36555,A
54616,A
35355,A
40812,A
82065,A
72217,A
18844,A
86234,A
51079,A
43983,A
33943,A
77307,A
35895,A
18550,A
15607,A
5204,A
64910,A
61872,A
30903,A
50548,A
32613,A
70781,A
24869,A
3748,A
49739,A
17754,A
3429,A
23409,A
50556,A
63486,A
6265,A
43439,A
46179,A
27199,A
25634,A
72070,A
55941,A
55701,A
52861,A
940,A
57652,A
51722,A
72065,A
3683,A
26070,A
1851,A
7259,A
48450,A
88250,A
28249,A
33804,A
21478,A
42980,A
2568,A
29445,A
53276,A
26877,A
89865,A
48681,A
3610,A
49219,A
68067,A
54456,A
81791,A
15773,A
74362,A
73213,A
46689,A
87677,A
7373,A
11106,A
55327,A
8720,A
8516,A
33566,A
24072,A
27451,A
6793,A
78720,A
18471,A
48434,A
71042,A
3741,A
16823,A
69305,A
63756,A
63797,A
16265,A
21845,A
27141,A
39118,A
13770,A
88016,A
61996,A
72414,A
41630,A
85408,A
74734,A
60737,A
39639,A
26197,A
61836,A
85286,A
36951,A
80043,A
65907,A
21585,A
12114,A
34048,A
22217,A
42921,A
73158,A
9802,A
81249,A
53966,A
1710,A
23071,A
2416,A
43837,A
10208,A
42322,A
23151,A
83478,A
56289,A
89864,A
78707,A
31280,A
32920,A
25461,A
57693,A
86033,A
39831,A
25380,A
24332,A
89904,A
7117,A
4105,A
61786,A
78016,A
12567,A
79040,A
1075,A
45693,A
60446,A
5924,A
38749,A
64516,A
27513,A
60302,A
78719,A
75921,A
83449,A
45809,A
63443,A
14015,A
2403,A
74905,A
6783,A
13800,A
36549,A
87085,A
41662,A
5887,A
43172,A
15891,A
30223,A
59754,A
41496,A
31840,A
33594,A
66216,A
29600,A
64355,A
82015,A
51806,A
7988,A
70468,A
34573,A
88808,A
79613,A
13551,A
15154,A
28984,A
32741,A
2465,A
18392,A
18691,A
28089,A
29560,A
78311,A
58407,A
41606,A
27613,A
23288,A
61757,A
30709,A
13629,A
59240,A
66019,A
54915,A
27607,A
71263,A
9776,A
22329,A
4643,A
7399,A
66332,A
61102,A
73957,A
9285,A
35575,A
70785,A
3286,A
9,A
73590,A
82499,A
81648,A
17528,A
36955,A
57815,A
23531,A
55810,A
50006,A
76352,A
64356,A
78958,A
57977,A
36682,A
54163,A
81931,A
32035,A
40690,A
88355,A
28355,A
82148,A
2933,A
3424,A
66940,A
42909,A
20977,A
73469,A
82783,A
25278,A
54729,A
37598,A
21607,A
62705,A
10319,A
59990,A
39451,A
46287,A
5111,A
87499,A
21226,A
83666,A
12459,A
85673,A
27039,A
66101,A
49129,A
1624,A
7640,A
806,A
27048,A
72332,A
74118,A
76365,A
45095,A
48035,A
49280,A
6688,A
55225,A
38004,A
84218,A
79801,A
71061,A
35887,A
66168,A
81274,A
44453,A
35018,A
10935,A
56673,A
56753,A
46078,A
5521,A
2580,A
71002,A
64627,A
53786,A
21387,A
42147,A
67727,A
4367,A
9215,A
32315,A
81826,A
56963,A
18623,A
78911,A
49772,A
68460,A
29388,A
23428,A
62633,A
68658,A
43759,A
5962,A
68090,A
84786,A
28803,A
63348,A
12051,A
84058,A
10241,A
86290,A
10956,A
67582,A
4611,A
46154,A
33363,A
42056,A
81332,A
56476,A
64082,A
39134,A
44874,A
28826,A
43787,A
71480,A
877,A
33602,A
35467,A
44937,A
28723,A
73259,A
88784,A
89106,A
20173,A
79616,A
14536,A
21114,A
56887,A
63866,A
14126,A
49103,A
7042,A
57466,A
56046,A
77917,A
1745,A
4031,A
44687,A
6229,A
12122,A
61502,A
50925,A
85191,A
77330,A
21517,A
66992,A
79750,A
44547,A
59164,A
79122,A
53296,A
29045,A
7352,A
49848,A
25459,A
30196,A
3230,A
53218,A
29518,A
34191,A
74043,A
2509,A
64893,A
70840,A
67746,A
3021,A
57312,A
19107,A
2834,A
83981,A
46001,A
55349,A
78344,A
23361,A
47492,A
38998,A
70451,A
57976,A
51252,A
39071,A
28909,A
63564,A
42663,A
10255,A
9704,A
68883,A
69831,A
57924,A
65324,A
52556,A
59971,A
74044,A
75216,A
65022,A
59883,A
55837,A
26680,A
69969,A
3262,A
71345,A
29640,A
36535,A
21504,A
49740,A
16651,A
17079,A
79862,A
1900,A
40661,A
53796,A
24344,A
63261,A
52849,A
8520,A
43178,A
67285,A
27243,A
85901,A
87456,A
53213,A
15132,A
49857,A
86949,A
39088,A
67551,A
68181,A
36453,A
31636,A
13941,A
61038,A
33918,A
37840,A
63368,A
58994,A
74252,A
80997,A
53545,A
78624,A
19472,A
54053,A
1251,A
28779,A
7547,A
19468,A
84133,A
48606,A
6268,A
61920,A
4877,A
84638,A
40499,A
85732,A
48560,A
74782,A
34602,A
54255,A
77098,A
30351,A
51446,A
64215,A
18122,A
85201,A
79850,A
81810,A
68369,A
13352,A
16835,A
88070,A
82493,A
64886,A
2951,A
69868,A
73151,A
42655,A
43812,A
53772,A
65682,A
25783,A
64683,A
76312,A
38534,A
69988,A
39616,A
36071,A
2852,A
85456,A
13237,A
59661,A
33185,A
72339,A
10114,A
74789,A
74185,A
23492,A
14037,A
84971,A
84500,A
3190,A
69361,A
6300,A
56985,A
13244,A
35221,A
21417,A
29647,A
72377,A
81382,A
81528,A
17461,A
53002,A
64376,A
41626,A
83998,A
68691,A
88755,A
64136,A
2764,A
15085,A
12950,A
16205,A
27504,A
34888,A
50129,A
78029,A
60332,A
68455,A
68773,A
23623,A
76793,A
44839,A
37420,A
9973,A
11022,A
24397,A
29176,A
74578,A
66839,A
2705,A
11911,A
51621,A
33370,A
37156,A
4006,A
5707,A
78221,A
49555,A
59888,A
13820,A
65704,A
10272,A
63059,A
53827,A
25034,A
28993,A
40219,A
66805,A
74584,A
48381,A
27792,A
26742,A
69420,A
16903,A
22396,A
41342,A
74201,A
71540,A
23374,A
13946,A
14556,A
67586,A
54126,A
79652,A
83830,A
67094,A
67769,A
38831,A
39425,A
72825,A
84601,A
4016,A
26573,A
73033,A
1981,A
72287,A
66473,A
38201,A
14475,A
65339,A
14020,A
82738,A
5348,A
74757,A
17830,A
43779,A
13412,A
64710,A
17790,A
44026,A
55521,A
40884,A
27087,A
52548,A
79991,A
89303,A
54038,A
2166,A
51177,A
87266,A
79895,A
8596,A
83799,A
52334,A
86628,A
44535,A
34568,A
16852,A
10903,A
48140,A
86101,A
21839,A
64420,A
23605,A
84378,A
78692,A
71003,A
88979,A
86111,A
61990,A
40145,A
894,A
64330,A
11619,A
36493,A
32092,A
53951,A
75292,A
56116,A
59981,A
30431,A
57838,A
64709,A
20613,A
33135,A
31207,A
34430,A
37112,A
47998,A
63755,A
61584,A
50128,A
32402,A
73702,A
49904,A
10209,A
40331,A
12697,A
77121,A
89540,A
75587,A
39855,A
20277,A
57831,A
22358,A
77855,A
47624,A
87050,A
17406,A
54549,A
12419,A
52858,A
5971,A
47763,A
69550,A
40205,A
39214,A
49814,A
47983,A
71309,A
5405,A
69828,A
81389,A
65311,A
77031,A
73765,A
25749,A
4338,A
24893,A
44720,A
5693,A
35105,A
77212,A
4010,A
34355,A
15943,A
29805,A
66481,A
68763,A
77594,A
55516,A
52033,A
1850,A
62273,A
33413,A
16021,A
75688,A
2419,A
89207,A
50545,A
38722,A
764,A
2220,A
26154,A
3728,A
12068,A
85277,A
50927,A
898,A
87051,A
70298,A
28777,A
79245,A
87104,A
36503,A
80060,A
3840,A
74380,A
84179,A
14061,A
86607,A
8060,A
16728,A
40319,A
46413,A
56976,A
24226,A
4271,A
39022,A
83382,A
21251,A
68521,A
19233,A
9685,A
9963,A
50728,A
44538,A
34168,A
83630,A
25370,A
62560,A
79121,A
39293,A
23457,A
87859,A
76670,A
17785,A
47098,A
64068,A
31332,A
5814,A
34970,A
88078,A
42162,A
38635,A
59189,A
42191,A
17462,A
41584,A
19128,A
45537,A
66751,A
58619,A
83897,A
82137,A
43773,A
46415,A
65238,A
25695,A
68680,A
57011,A
53442,A
36065,A
16359,A
74432,A
50466,A
86062,A
31175,A
60625,A
10894,A
67415,A
71969,A
26094,A
51445,A
50517,A
16108,A
25665,A
54589,A
18619,A
87903,A
85324,A
76152,A
85749,A
24325,A
50943,A
26905,A
61534,A
74796,A
10218,A
6498,A
59452,A
68594,A
85202,A
63219,A
39475,A
57788,A
32,A
21621,A
79976,A
53867,A
50221,A
64131,A
81183,A
